Rank,Team,Subdivision,Record,Score,Opponent Rank Points,Win Points,Margin Points,Games
1,North Dakota State,FBS,2-0,351.0,267.0,20.0,64.0,2
2,USC,FBS,2-0,342.0,267.0,20.0,55.0,2
3,Memphis,FBS,2-0,311.0,267.0,20.0,24.0,2
4,Idaho State,FCS,2-0,241.25,200.25,15.0,26.0,2
5,Tarleton State,FCS,2-0,231.75,200.25,15.0,16.5,2
6,Louisiana Tech,FBS,1-0,217.5,133.5,10.0,74.0,1
7,Virginia Tech,FBS,1-0,213.5,133.5,10.0,70.0,1
8,Kansas State,FBS,1-0,211.5,133.5,10.0,68.0,1
9,UCF,FBS,1-0,210.5,133.5,10.0,67.0,1
10,Arizona State,FBS,1-0,206.5,133.5,10.0,63.0,1
11,Syracuse,FBS,1-0,206.5,133.5,10.0,63.0,1
12,Maryland,FBS,1-0,205.5,133.5,10.0,62.0,1
13,Georgia,FBS,1-0,203.5,133.5,10.0,60.0,1
14,South Carolina,FBS,1-0,200.5,133.5,10.0,57.0,1
15,Army,FBS,1-0,199.5,133.5,10.0,56.0,1
16,BYU,FBS,1-0,199.5,133.5,10.0,56.0,1
17,Ohio State,FBS,1-0,196.5,133.5,10.0,53.0,1
18,App State,FBS,1-0,195.5,133.5,10.0,52.0,1
19,Minnesota,FBS,1-0,195.5,133.5,10.0,52.0,1
20,Texas,FBS,1-0,195.5,133.5,10.0,52.0,1
21,Utah,FBS,1-0,195.5,133.5,10.0,52.0,1
22,Oklahoma,FBS,1-0,194.5,133.5,10.0,51.0,1
23,Texas A&M,FBS,1-0,193.5,133.5,10.0,50.0,1
24,Georgia State,FBS,1-0,192.5,133.5,10.0,49.0,1
25,Mississippi State,FBS,1-0,192.5,133.5,10.0,49.0,1
26,UConn,FBS,1-0,192.5,133.5,10.0,49.0,1
27,Kennesaw State,FBS,1-0,190.5,133.5,10.0,47.0,1
28,Tennessee,FBS,1-0,190.5,133.5,10.0,47.0,1
29,Southern Miss,FBS,1-0,189.5,133.5,10.0,46.0,1
30,Florida,FBS,1-0,188.5,133.5,10.0,45.0,1
31,Kansas,FBS,1-0,188.5,133.5,10.0,45.0,1
32,Penn State,FBS,1-0,188.5,133.5,10.0,45.0,1
33,Pittsburgh,FBS,1-0,188.5,133.5,10.0,45.0,1
34,LSU,FBS,1-0,184.5,133.5,10.0,41.0,1
35,Montana State,FCS,2-0,184.0,133.5,10.0,40.5,2
36,Iowa,FBS,1-0,183.5,133.5,10.0,40.0,1
37,Missouri,FBS,1-0,183.5,133.5,10.0,40.0,1
38,Miami,FBS,1-0,182.5,133.5,10.0,39.0,1
39,Alabama,FBS,1-0,181.5,133.5,10.0,38.0,1
40,Indiana,FBS,1-0,179.5,133.5,10.0,36.0,1
41,Delaware,FBS,1-0,178.5,133.5,10.0,35.0,1
42,Nevada,FBS,1-0,178.5,133.5,10.0,35.0,1
43,Air Force,FBS,1-0,177.5,133.5,10.0,34.0,1
44,Mercer,FCS,2-0,177.0,133.5,10.0,33.5,2
45,San Diego State,FBS,1-0,176.5,133.5,10.0,33.0,1
46,Kentucky,FBS,1-0,175.5,133.5,10.0,32.0,1
47,Georgia Southern,FBS,1-0,174.5,133.5,10.0,31.0,1
48,Louisiana,FBS,1-0,174.5,133.5,10.0,31.0,1
49,New Mexico,FBS,1-0,174.5,133.5,10.0,31.0,1
50,UTSA,FBS,1-0,172.5,133.5,10.0,29.0,1
51,North Dakota,FCS,2-0,172.0,133.5,10.0,28.5,2
52,Lehigh,FCS,2-0,171.5,133.5,10.0,28.0,2
53,Arizona,FBS,1-0,171.5,133.5,10.0,28.0,1
54,Iowa State,FBS,1-0,171.5,133.5,10.0,28.0,1
55,Nebraska,FBS,1-0,171.5,133.5,10.0,28.0,1
56,Notre Dame,FBS,1-0,171.5,133.5,10.0,28.0,1
57,Rice,FBS,1-0,171.5,133.5,10.0,28.0,1
58,South Dakota,FCS,2-0,170.5,133.5,10.0,27.0,2
59,Navy,FBS,1-0,170.5,133.5,10.0,27.0,1
60,Virginia,FBS,1-0,169.5,133.5,10.0,26.0,1
61,Purdue,FBS,1-0,168.5,133.5,10.0,25.0,1
62,South Alabama,FBS,1-0,168.5,133.5,10.0,25.0,1
63,Stephen F. Austin,FCS,2-0,167.5,133.5,10.0,24.0,2
64,Middle Tennessee,FBS,1-0,167.5,133.5,10.0,24.0,1
65,Temple,FBS,1-0,167.5,133.5,10.0,24.0,1
66,Texas Tech,FBS,1-0,166.5,133.5,10.0,23.0,1
67,Colorado State,FBS,1-0,165.5,133.5,10.0,22.0,1
68,Wake Forest,FBS,1-0,165.5,133.5,10.0,22.0,1
69,Montana,FCS,2-0,164.5,133.5,10.0,21.0,2
70,Old Dominion,FBS,1-0,164.5,133.5,10.0,21.0,1
71,UCLA,FBS,1-0,164.5,133.5,10.0,21.0,1
72,Tennessee Tech,FCS,2-0,163.0,133.5,10.0,19.5,2
73,UC Davis,FCS,2-0,163.0,133.5,10.0,19.5,2
74,Cincinnati,FBS,1-0,162.5,133.5,10.0,19.0,1
75,Illinois,FBS,1-0,162.5,133.5,10.0,19.0,1
76,Vanderbilt,FBS,1-0,162.5,133.5,10.0,19.0,1
77,Colgate,FCS,2-0,161.0,133.5,10.0,17.5,2
78,Arkansas,FBS,1-0,160.5,133.5,10.0,17.0,1
79,Wofford,FCS,2-0,159.5,133.5,10.0,16.0,2
80,Massachusetts,FBS,1-0,159.5,133.5,10.0,16.0,1
81,Northwestern,FBS,1-0,159.5,133.5,10.0,16.0,1
82,West Florida,FCS,2-0,159.0,133.5,10.0,15.5,2
83,Richmond,FCS,2-0,157.5,133.5,10.0,14.0,2
84,Duke,FBS,1-0,157.5,133.5,10.0,14.0,1
85,Tulsa,FBS,1-0,157.5,133.5,10.0,14.0,1
86,Washington,FBS,1-0,157.5,133.5,10.0,14.0,1
87,Houston,FBS,1-0,156.5,133.5,10.0,13.0,1
88,Campbell,FCS,2-0,154.0,133.5,10.0,10.5,2
89,Michigan State,FBS,1-0,153.5,133.5,10.0,10.0,1
90,South Florida,FBS,1-0,153.5,133.5,10.0,10.0,1
91,James Madison,FBS,1-0,150.5,133.5,10.0,7.0,1
92,Oregon,FBS,1-0,150.5,133.5,10.0,7.0,1
93,West Virginia,FBS,1-0,150.5,133.5,10.0,7.0,1
94,William & Mary,FCS,2-0,148.5,133.5,10.0,5.0,2
95,North Carolina,FBS,1-0,148.5,133.5,10.0,5.0,1
96,Buffalo,FBS,1-0,147.5,133.5,10.0,4.0,1
97,Ole Miss,FBS,1-0,146.5,133.5,10.0,3.0,1
98,SMU,FBS,1-0,146.5,133.5,10.0,3.0,1
99,Troy,FBS,1-0,146.5,133.5,10.0,3.0,1
100,Auburn,FBS,1-0,144.5,133.5,10.0,1.0,1
101,Colorado,FBS,1-0,144.5,133.5,10.0,1.0,1
102,Michigan,FBS,1-0,144.5,133.5,10.0,1.0,1
103,Illinois State,FCS,2-0,135.25,66.75,15.0,53.5,2
104,South Carolina State,FCS,2-0,134.25,66.75,15.0,52.5,2
105,Elon,FCS,2-0,118.25,66.75,15.0,36.5,2
106,Jackson State,FCS,2-0,108.75,66.75,15.0,27.0,2
107,Alabama State,FCS,2-0,105.25,66.75,15.0,23.5,2
108,Robert Morris,FCS,2-0,102.25,66.75,15.0,20.5,2
109,Cal Poly,FCS,2-0,87.25,66.75,15.0,5.5,2
110,The Citadel,FCS,1-1,64.75,66.75,10.0,-12.0,2
111,Grambling,FCS,2-0,52.0,0.0,20.0,32.0,2
112,Sacramento State,FBS,1-1,51.0,0.0,10.0,41.0,2
113,Incarnate Word,FCS,1-0,41.0,0.0,10.0,31.0,1
114,Morehead State,FCS,1-1,34.5,0.0,10.0,24.5,2
115,Valparaiso,FCS,1-0,33.0,0.0,10.0,23.0,1
116,New Mexico State,FBS,1-1,30.0,0.0,10.0,20.0,2
117,South Dakota State,FCS,1-1,28.5,0.0,5.0,23.5,2
118,Jacksonville State,FBS,1-1,26.0,0.0,10.0,16.0,2
119,Florida State,FBS,1-1,24.0,0.0,10.0,14.0,2
120,Dayton,FCS,1-0,21.5,0.0,10.0,11.5,1
121,UNLV,FBS,1-1,19.0,0.0,10.0,9.0,2
122,UT Martin,FCS,1-1,16.5,0.0,5.0,11.5,2
123,Eastern Michigan,FBS,1-1,15.0,0.0,10.0,5.0,2
124,Prairie View A&M,FCS,1-1,14.5,0.0,5.0,9.5,2
125,Western Carolina,FCS,1-1,12.5,0.0,5.0,7.5,2
126,UAlbany,FCS,1-1,10.0,0.0,5.0,5.0,2
127,Eastern Washington,FCS,1-1,6.5,0.0,5.0,1.5,2
128,Rhode Island,FCS,1-1,6.5,0.0,5.0,1.5,2
129,Southern Illinois,FCS,1-1,5.5,0.0,5.0,0.5,2
130,Youngstown State,FCS,1-1,5.5,0.0,5.0,0.5,2
131,Delaware State,FCS,1-1,5.0,0.0,5.0,0.0,2
132,Howard,FCS,1-1,5.0,0.0,5.0,0.0,2
133,Stonehill,FCS,1-1,5.0,0.0,5.0,0.0,2
134,Austin Peay,FCS,1-1,4.5,0.0,5.0,-0.5,2
135,Chattanooga,FCS,1-1,4.5,0.0,5.0,-0.5,2
136,Lindenwood,FCS,1-1,4.5,0.0,5.0,-0.5,2
137,Southern Utah,FCS,1-1,4.0,0.0,5.0,-1.0,2
138,Villanova,FCS,1-1,4.0,0.0,5.0,-1.0,2
139,Stony Brook,FCS,1-1,3.5,0.0,5.0,-1.5,2
140,Weber State,FCS,1-1,3.0,0.0,5.0,-2.0,2
141,North Alabama,FCS,1-1,2.5,0.0,5.0,-2.5,2
142,San José State,FBS,1-1,0.0,0.0,10.0,-10.0,2
143,Brown,FCS,0-0,0.0,0.0,0.0,0.0,0
144,Columbia,FCS,0-0,0.0,0.0,0.0,0.0,0
145,Cornell,FCS,0-0,0.0,0.0,0.0,0.0,0
146,Dartmouth,FCS,0-0,0.0,0.0,0.0,0.0,0
147,Harvard,FCS,0-0,0.0,0.0,0.0,0.0,0
148,Penn,FCS,0-0,0.0,0.0,0.0,0.0,0
149,Princeton,FCS,0-0,0.0,0.0,0.0,0.0,0
150,Yale,FCS,0-0,0.0,0.0,0.0,0.0,0
151,Central Arkansas,FCS,1-1,-3.0,0.0,5.0,-8.0,2
152,Monmouth,FCS,1-1,-3.5,0.0,5.0,-8.5,2
153,New Haven,FCS,1-1,-3.5,0.0,5.0,-8.5,2
154,Northern Arizona,FCS,1-1,-5.5,0.0,5.0,-10.5,2
155,Houston Christian,FCS,1-1,-6.0,0.0,5.0,-11.0,2
156,Lamar,FCS,1-1,-7.0,0.0,5.0,-12.0,2
157,Southeast Missouri State,FCS,1-1,-8.0,0.0,5.0,-13.0,2
158,Texas Southern,FCS,1-1,-8.0,0.0,5.0,-13.0,2
159,Nicholls,FCS,1-1,-12.0,0.0,5.0,-17.0,2
160,Bryant,FCS,1-1,-14.0,0.0,5.0,-19.0,2
161,Eastern Illinois,FCS,1-1,-14.0,0.0,5.0,-19.0,2
162,Stanford,FBS,1-1,-19.0,0.0,10.0,-29.0,2
163,Maine,FCS,1-1,-19.5,0.0,5.0,-24.5,2
164,Morgan State,FCS,1-1,-21.5,0.0,5.0,-26.5,2
165,McNeese,FCS,1-1,-36.25,-66.75,10.0,20.5,2
166,Norfolk State,FCS,1-1,-39.25,-66.75,10.0,17.5,2
167,East Tennessee State,FCS,1-1,-45.75,-66.75,10.0,11.0,2
168,Western Illinois,FCS,1-1,-46.75,-66.75,10.0,10.0,2
169,UT Rio Grande Valley,FCS,1-1,-49.25,-66.75,10.0,7.5,2
170,North Carolina Central,FCS,1-1,-52.25,-66.75,10.0,4.5,2
171,Alabama A&M,FCS,1-1,-52.75,-66.75,10.0,4.0,2
172,Marist,FCS,1-1,-52.75,-66.75,10.0,4.0,2
173,Southern,FCS,1-1,-53.75,-66.75,10.0,3.0,2
174,Alcorn State,FCS,1-1,-55.25,-66.75,10.0,1.5,2
175,Wagner,FCS,1-1,-55.25,-66.75,10.0,1.5,2
176,Florida A&M,FCS,1-1,-59.25,-66.75,10.0,-2.5,2
177,Hampton,FCS,1-1,-65.25,-66.75,10.0,-8.5,2
178,Arkansas-Pine Bluff,FCS,1-1,-66.75,-66.75,10.0,-10.0,2
179,Butler,FCS,1-1,-68.25,-66.75,10.0,-11.5,2
180,Sacred Heart,FCS,0-1,-70.25,-66.75,0.0,-3.5,1
181,Stetson,FCS,1-1,-70.75,-66.75,10.0,-14.0,2
182,Furman,FCS,1-1,-71.75,-66.75,10.0,-15.0,2
183,St. Thomas (MN),FCS,1-1,-71.75,-66.75,10.0,-15.0,2
184,Northern Iowa,FCS,0-1,-71.75,-66.75,0.0,-5.0,1
185,Presbyterian,FCS,1-1,-81.25,-66.75,10.0,-24.5,2
186,Georgetown,FCS,0-1,-82.25,-66.75,0.0,-15.5,1
187,San Diego,FCS,0-1,-82.75,-66.75,0.0,-16.0,1
188,Duquesne,FCS,0-1,-83.75,-66.75,0.0,-17.0,1
189,Drake,FCS,0-2,-85.75,-66.75,0.0,-19.0,2
190,Central Connecticut,FCS,0-1,-86.25,-66.75,0.0,-19.5,1
191,Davidson,FCS,0-2,-88.75,-66.75,0.0,-22.0,2
192,Lafayette,FCS,0-1,-91.25,-66.75,0.0,-24.5,1
193,Chicago State,FCS,0-2,-92.25,-66.75,0.0,-25.5,2
194,Bethune-Cookman,FCS,0-1,-100.25,-66.75,0.0,-33.5,1
195,Northwestern State,FCS,0-2,-106.25,-66.75,0.0,-39.5,2
196,Baylor,FBS,0-1,-134.5,-133.5,0.0,-1.0,1
197,Georgia Tech,FBS,0-1,-134.5,-133.5,0.0,-1.0,1
198,Western Michigan,FBS,0-1,-134.5,-133.5,0.0,-1.0,1
199,Charlotte,FBS,0-1,-135.5,-133.5,0.0,-2.0,1
200,Louisville,FBS,0-1,-136.5,-133.5,0.0,-3.0,1
201,Sam Houston,FBS,0-1,-136.5,-133.5,0.0,-3.0,1
202,TCU,FBS,0-1,-138.5,-133.5,0.0,-5.0,1
203,Boise State,FBS,0-1,-140.5,-133.5,0.0,-7.0,1
204,Bowling Green,FBS,0-1,-140.5,-133.5,0.0,-7.0,1
205,Coastal Carolina,FBS,0-1,-140.5,-133.5,0.0,-7.0,1
206,Liberty,FBS,0-1,-140.5,-133.5,0.0,-7.0,1
207,Northern Colorado,FCS,0-2,-141.5,-133.5,0.0,-8.0,2
208,Samford,FCS,0-2,-141.5,-133.5,0.0,-8.0,2
209,Florida International,FBS,0-1,-143.5,-133.5,0.0,-10.0,1
210,Toledo,FBS,0-1,-143.5,-133.5,0.0,-10.0,1
211,Bucknell,FCS,0-2,-144.5,-133.5,0.0,-11.0,2
212,Gardner-Webb,FCS,0-2,-144.5,-133.5,0.0,-11.0,2
213,Utah State,FBS,0-1,-145.5,-133.5,0.0,-12.0,1
214,Oregon State,FBS,0-1,-146.5,-133.5,0.0,-13.0,1
215,Indiana State,FCS,0-2,-147.0,-133.5,0.0,-13.5,2
216,Oklahoma State,FBS,0-1,-147.5,-133.5,0.0,-14.0,1
217,Tulane,FBS,0-1,-147.5,-133.5,0.0,-14.0,1
218,Washington State,FBS,0-1,-147.5,-133.5,0.0,-14.0,1
219,Abilene Christian,FCS,0-2,-148.5,-133.5,0.0,-15.0,2
220,Towson,FCS,0-2,-148.5,-133.5,0.0,-15.0,2
221,SE Louisiana,FCS,0-2,-149.0,-133.5,0.0,-15.5,2
222,Rutgers,FBS,0-1,-149.5,-133.5,0.0,-16.0,1
223,Charleston Southern,FCS,0-2,-150.5,-133.5,0.0,-17.0,2
224,Arkansas State,FBS,0-1,-151.5,-133.5,0.0,-18.0,1
225,Murray State,FCS,0-2,-152.5,-133.5,0.0,-19.0,2
226,Boston College,FBS,0-1,-152.5,-133.5,0.0,-19.0,1
227,UAB,FBS,0-1,-152.5,-133.5,0.0,-19.0,1
228,Portland State,FCS,0-2,-153.5,-133.5,0.0,-20.0,2
229,California,FBS,0-1,-154.5,-133.5,0.0,-21.0,1
230,Akron,FBS,0-1,-155.5,-133.5,0.0,-22.0,1
231,Wyoming,FBS,0-1,-155.5,-133.5,0.0,-22.0,1
232,East Texas A&M,FCS,0-2,-156.0,-133.5,0.0,-22.5,2
233,Fordham,FCS,0-2,-157.5,-133.5,0.0,-24.0,2
234,Holy Cross,FCS,0-2,-158.5,-133.5,0.0,-25.0,2
235,NC State,FBS,0-1,-159.5,-133.5,0.0,-26.0,1
236,Idaho,FCS,0-2,-161.5,-133.5,0.0,-28.0,2
237,Ohio,FBS,0-1,-161.5,-133.5,0.0,-28.0,1
238,Wisconsin,FBS,0-1,-161.5,-133.5,0.0,-28.0,1
239,North Carolina A&T,FCS,0-2,-163.0,-133.5,0.0,-29.5,2
240,West Georgia,FCS,0-2,-164.0,-133.5,0.0,-30.5,2
241,Merrimack,FCS,0-2,-164.5,-133.5,0.0,-31.0,2
242,Tennessee State,FCS,0-2,-164.5,-133.5,0.0,-31.0,2
243,Central Michigan,FBS,0-1,-164.5,-133.5,0.0,-31.0,1
244,Eastern Kentucky,FCS,0-2,-166.5,-133.5,0.0,-33.0,2
245,Long Island University,FCS,0-2,-166.5,-133.5,0.0,-33.0,2
246,Mercyhurst,FCS,0-2,-168.5,-133.5,0.0,-35.0,2
247,Western Kentucky,FBS,0-1,-168.5,-133.5,0.0,-35.0,1
248,North Texas,FBS,0-1,-169.5,-133.5,0.0,-36.0,1
249,East Carolina,FBS,0-1,-171.5,-133.5,0.0,-38.0,1
250,New Hampshire,FCS,0-2,-172.0,-133.5,0.0,-38.5,2
251,Fresno State,FBS,0-1,-172.5,-133.5,0.0,-39.0,1
252,Northern Illinois,FBS,0-1,-173.5,-133.5,0.0,-40.0,1
253,Clemson,FBS,0-1,-174.5,-133.5,0.0,-41.0,1
254,Mississippi Valley State,FCS,0-2,-176.5,-133.5,0.0,-43.0,2
255,Florida Atlantic,FBS,0-1,-178.5,-133.5,0.0,-45.0,1
256,Marshall,FBS,0-1,-178.5,-133.5,0.0,-45.0,1
257,Miami (OH),FBS,0-1,-178.5,-133.5,0.0,-45.0,1
258,VMI,FCS,0-2,-182.5,-133.5,0.0,-49.0,2
259,UL Monroe,FBS,0-1,-182.5,-133.5,0.0,-49.0,1
260,Missouri State,FBS,0-1,-183.5,-133.5,0.0,-50.0,1
261,UTEP,FBS,0-1,-184.5,-133.5,0.0,-51.0,1
262,Texas State,FBS,0-1,-185.5,-133.5,0.0,-52.0,1
263,Ball State,FBS,0-1,-186.5,-133.5,0.0,-53.0,1
264,Utah Tech,FCS,0-2,-188.5,-133.5,0.0,-55.0,2
265,Kent State,FBS,0-1,-190.5,-133.5,0.0,-57.0,1
266,Hawai'i,FBS,0-2,-292.0,-267.0,0.0,-25.0,2
